{
      "ident": "H2",
      "formula": "H2",
      "cas_number": "1333-74-0",
      "name": "HYDROGEN",
      "aliases": [
            "Hydrogen",
            "R702"
      ],
      "mol_weight": 2.016,
      "Mie": {
            "default": {
                  "sigma": 3.2574e-10,
                  "eps_div_k": 17.931,
                  "lambda_a": 6.0,
                  "lambda_r": 8.0,
                  "bib_reference": "Aasen 2019, doi: 10.1063/1.5111364"
            },
            "AASEN2019-FH0-LJ": {
                  "sigma": 3.5333e-10,
                  "eps_div_k": 14.312,
                  "lambda_a": 6.0,
                  "lambda_r": 12.0,
                  "bib_reference": "Aasen 2019, doi: 10.1063/1.5111364"
            },
            "HYVA-FH0": {
                  "sigma": 3.198e-10,
                  "eps_div_k": 14.492,
                  "lambda_a": 6.0,
                  "lambda_r": 6.4709,
                  "bib_reference": "HYVA parameters with non-integer repulsive exponent"
            },
            "TREJOS2013": {
                  "sigma": 3.0459e-10,
                  "eps_div_k": 33.434,
                  "lambda_a": 6.0,
                  "lambda_r": 12.0,
                  "bib_reference": "Trejos et al. 2013, doi: 10.1063/1.4829769"
            }
      },
      "HardSphere": {
            "default": {
                  "sigma": 3.2574e-10,
                  "FH_order": 0,
                  "bib_reference": "Aasen 2019, doi: 10.1063/1.5111364"
            },
            "AASEN2019-FH1": {
                  "sigma": 3.0243e-10,
                  "FH_order": 1,
                  "bib_reference": "Aasen 2019, doi: 10.1063/1.5111364"
            },
            "AASEN2019-FH2": {
                  "sigma": 2.9195e-10,
                  "FH_order": 2,
                  "bib_reference": "Aasen 2019, doi: 10.1063/1.5111364"
            },
            "AASEN2019-FH0-LJ": {
                  "sigma": 3.5333e-10,
                  "FH_order": 0,
                  "bib_reference": "Aasen 2019, doi: 10.1063/1.5111364"
            },
            "AASEN2019-FH1-LJ": {
                  "sigma": 3.0225e-10,
                  "FH_order": 1,
                  "bib_reference": "Aasen 2019, doi: 10.1063/1.5111364"
            },
            "AASEN2019-FH2-LJ": {
                  "sigma": 2.9324e-10,
                  "FH_order": 2,
                  "bib_reference": "Aasen 2019, doi: 10.1063/1.5111364"
            },
            "HYVA-FH0": {
                  "sigma": 3.198e-10,
                  "FH_order": 0,
                  "bib_reference": "HYVA parameters with non-integer repulsive exponent"
            },
            "HYVA-FH1": {
                  "sigma": 3.0022e-10,
                  "FH_order": 1,
                  "bib_reference": "HYVA parameters with non-integer repulsive exponent"
            },
            "HYVA-FH2": {
                  "sigma": 2.9209e-10,
                  "FH_order": 2,
                  "bib_reference": "HYVA parameters with non-integer repulsive exponent"
            },
            "TREJOS2013": {
                  "sigma": 3.0459e-10,
                  "FH_order": 0,
                  "bib_reference": "Trejos et al. 2013, doi: 10.1063/1.4829769"
            }
      },
      "q-Mie": {
            "default": {
                  "sigma": 3.2574e-10,
                  "eps_div_k": 17.931,
                  "lambda_a": 6.0,
                  "lambda_r": 8.0,
                  "FH_order": 0,
                  "bib_reference": "Aasen 2019, doi: 10.1063/1.5111364"
            },
            "AASEN2019-FH1": {
                  "sigma": 3.0243e-10,
                  "eps_div_k": 26.706,
                  "lambda_a": 6.0,
                  "lambda_r": 9.0,
                  "FH_order": 1,
                  "bib_reference": "Aasen 2019, doi: 10.1063/1.5111364"
            },
            "AASEN2019-FH2": {
                  "sigma": 2.9195e-10,
                  "eps_div_k": 55.729,
                  "lambda_a": 6.0,
                  "lambda_r": 20.0,
                  "FH_order": 2,
                  "bib_reference": "Aasen 2019, doi: 10.1063/1.5111364"
            },
            "AASEN2019-FH0-LJ": {
                  "sigma": 3.5333e-10,
                  "eps_div_k": 14.312,
                  "lambda_a": 6.0,
                  "lambda_r": 12.0,
                  "FH_order": 0,
                  "bib_reference": "Aasen 2019, doi: 10.1063/1.5111364"
            },
            "AASEN2019-FH1-LJ": {
                  "sigma": 3.0225e-10,
                  "eps_div_k": 33.096,
                  "lambda_a": 6.0,
                  "lambda_r": 12.0,
                  "FH_order": 1,
                  "bib_reference": "Aasen 2019, doi: 10.1063/1.5111364"
            },
            "AASEN2019-FH2-LJ": {
                  "sigma": 2.9324e-10,
                  "eps_div_k": 40.321,
                  "lambda_a": 6.0,
                  "lambda_r": 12.0,
                  "FH_order": 2,
                  "bib_reference": "Aasen 2019, doi: 10.1063/1.5111364"
            },
            "HYVA-FH0": {
                  "sigma": 3.198e-10,
                  "eps_div_k": 14.492,
                  "lambda_a": 6.0,
                  "lambda_r": 6.4709,
                  "FH_order": 0,
                  "bib_reference": "HYVA parameters with non-integer repulsive exponent"
            },
            "HYVA-FH1": {
                  "sigma": 3.0022e-10,
                  "eps_div_k": 28.349,
                  "lambda_a": 6.0,
                  "lambda_r": 9.5413,
                  "FH_order": 1,
                  "bib_reference": "HYVA parameters with non-integer repulsive exponent"
            },
            "HYVA-FH2": {
                  "sigma": 2.9209e-10,
                  "eps_div_k": 53.07,
                  "lambda_a": 6.0,
                  "lambda_r": 18.033,
                  "FH_order": 2,
                  "bib_reference": "HYVA parameters with non-integer repulsive exponent"
            },
            "TREJOS2013": {
                  "sigma": 3.0459e-10,
                  "eps_div_k": 33.434,
                  "lambda_a": 6.0,
                  "lambda_r": 12.0,
                  "FH_order": 0,
                  "bib_reference": "Trejos et al. 2013, doi: 10.1063/1.4829769"
            }
      },
      "LJs": {}
}